<?xml version="1.0" ?>
<manifest identifier="c_cq_O-OwQO1Lonl02sa1IHAT_UykovQ8BmPJPa9" version="1"
  xmlns="http://www.imsproject.org/xsd/imscp_rootv1p1p2"
  xmlns:adlcp="http://www.adlnet.org/xsd/adlcp_rootv1p2"
  xmlns:xsi="http://www.w3.org/2001/XMLSchema-instance"
  xsi:schemaLocation="http://www.imsproject.org/xsd/imscp_rootv1p1p2 imscp_rootv1p1p2.xsd
                      http://www.imsglobal.org/xsd/imsmd_rootv1p2p1 imsmd_rootv1p2p1.xsd
                      http://www.adlnet.org/xsd/adlcp_rootv1p2 adlcp_rootv1p2.xsd">
  <metadata>
    <schema>ADL SCORM</schema>
    <schemaversion>1.2</schemaversion>
    <adlcp:location>metadata.xml</adlcp:location>
  </metadata>
  <organizations default="articulate_rise">
      <organization identifier="articulate_rise">
      <title>Personal Loans</title>
      <item identifier="i1" identifierref="r1" isvisible="true">
        <title>Personal Loans</title>
        <adlcp:datafromlms>eyJjcHYiOiI4Qm1QSlBhOSIsInJsZCI6ZmFsc2V9</adlcp:datafromlms>
      </item>
    </organization>
  </organizations>
  <resources>
    <resource identifier="r1" type="webcontent" adlcp:scormtype="sco" href="scormdriver/indexAPI.html">
      <!-- SCORMDRIVER STUFF -->
      <file href="scormdriver/indexAPI.html" />
      <file href="scormdriver/preloadIntegrity.js" />
      <file href="scormdriver/driverOptions.js" />
      <file href="scormdriver/AICCComm.html" />
      <file href="scormdriver/auto-scripts/AutoBookmark.js" />
      <file href="scormdriver/auto-scripts/AutoCompleteSCO.js" />
      <file href="scormdriver/auto-scripts/CourseExit.js" />
      <file href="scormdriver/blank.html" />
      <file href="scormdriver/goodbye.html" />
      <file href="scormdriver/scormdriver.js" />
      <file href="scormdriver/browsersniff.js" />

      <!-- RUNTIME COMMON STUFF -->
      <file href="scormcontent/index.html" />
      <file href="scormcontent/lib/main.bundle.js"/>

      
        <file href="scormcontent/lib/fonts/icomoon.ttf"/>
        <file href="scormcontent/lib/fonts/icomoon.woff"/>

        <file href="scormcontent/lib/icomoon.css"/>
        <file href="scormcontent/lib/main.bundle.css"/>
        <file href="scormcontent/lib/player-0.0.11.min.js"/>
        <file href="scormcontent/lib/lzwcompress.js"/>
      

      <!-- RUNTIME CONTENT STUFF -->
      <file href="scormcontent/lib/fonts/Lato-Black.woff" />
<file href="scormcontent/lib/fonts/Lato-Italic.woff" />
<file href="scormcontent/lib/fonts/Lato-Bold.woff" />
<file href="scormcontent/lib/fonts/Lato-Regular.woff" />
<file href="scormcontent/lib/fonts/Lato-Light.woff" />
<file href="scormcontent/lib/fonts/Merriweather-Black.woff" />
<file href="scormcontent/lib/fonts/Merriweather-Italic.woff" />
<file href="scormcontent/lib/fonts/Merriweather-Bold.woff" />
<file href="scormcontent/lib/fonts/Merriweather-Regular.woff" />
<file href="scormcontent/lib/fonts/Merriweather-Light.woff" />
<file href="scormcontent/assets/rF6Ef8AqRT7of8sN_small.png" />
<file href="scormcontent/assets/KwYa5I-lRJY3o7vQ_onBK3bJMkjriTUBC.png" />
<file href="scormcontent/assets/ul6VUbucMKpnSlpi_i-sJ01uIORBjn4Bq.png" />
<file href="scormcontent/assets/xAE2fvfollZIqlKn_NbzQknf-h7u9Ed2s.png" />
<file href="scormcontent/assets/v_VVG1lzjLf5S0eg_zFL62uLLGgzy9SfG.png" />
<file href="scormcontent/assets/I0k0KtI2rLsmHt2U_5xKFiax28RtNe5uC.png" />
<file href="scormcontent/assets/yhdqQ3ybm075l5Ci_mountains.jpg" />
<file href="scormcontent/assets/iMSGaBGFP0bhupeh_WPs-696h5sGGVjAF.png" />
<file href="scormcontent/assets/tprJHQQj0WAamsyx_P9dgEFDtOG5k4Lgi.png" />
<file href="scormcontent/assets/xrBV96vBmR6T06t5_u8mBvC4L_bF5WDdR.png" />
<file href="scormcontent/assets/eDmb81w9NRxXUWts_i-CHudYldPnas7E0.png" />
<file href="scormcontent/assets/2W44S7ZIIWbqwNqC_x1-Yr_XkmgO3FWkA.png" />
<file href="scormcontent/assets/KFATL7uJTyZFD--Y_K5H8ryi_DS0IUVuN.png" />
<file href="scormcontent/assets/4LgEUi_Gabjx8hdN_m2SuljGVd8_f8hf3.png" />
<file href="scormcontent/assets/h7pX-mhNo6rczDyC_vMcMWEHzz61TvWTi.png" />
<file href="scormcontent/assets/UDyFXQx2b80vLI5T_dsJH75Hi2owgm_vb.jpg" />
<file href="scormcontent/assets/ojmXJhn5Dc-itMka_U2nomOnUstJ4DuyO.png" />
<file href="scormcontent/assets/mn-5SBWGpPcw-URy_dEGdPjshV2juMmna.png" />
<file href="scormcontent/assets/nS1EDLcI5iyDlSKV_mfE49EGexDfPvGp5.png" />
<file href="scormcontent/assets/tEzKlL4Wtb0FTJGy_cAIiXG4q8j-twC45.png" />
<file href="scormcontent/assets/x4ZROR82UUKjZWUt_S7cXuZlLCyqveSsZ.png" />
<file href="scormcontent/assets/AJuXXxfr0p_2sc2W_3ce-jkFCS9mp9bTn.png" />
<file href="scormcontent/assets/zwUstDfchx0YL7I8_5gcazZQgO9U6yPWV.png" />
<file href="scormcontent/assets/kDwcVsKKuQYfiwgl_a360xA9oyfGvZcO0.png" />
<file href="scormcontent/assets/VMp7du9Sq27pIsUZ_kFc3Droxq68ZSc2B.jpg" />
<file href="scormcontent/assets/7DcnXJD9HHS0DrCl_QZl1Q8eUDo3DRl2h.png" />
<file href="scormcontent/assets/g0pA6HNraxR2Jwck_2BBhYJDxS8Q1IREf.jpg" />
<file href="scormcontent/assets/uSz3O0KGCXfUNBtA_IWYT69OT8maNGFwX.jpg" />

    </resource>
  </resources>
</manifest>
